"scenario","true_p","p","M_p","R2","delta1_current","delta2_current","delta3_current","selected_p_current","delta1_proper","delta2_proper","delta3_proper","selected_p_proper","delta1_plus1","delta2_plus1","delta3_plus1","selected_p_plus1"
"A1_Baseline_Uncorrelated",3,1,0.502492196424732,0.502492196424732,-0.0981366188091337,-0.600628815233866,0.623212189590737,19,-0.0981366188091337,0.0112916871784355,0.0112916871784355,2,-0.0981366188091337,0.0112916871784355,0.0112916871784355,3
"A1_Baseline_Uncorrelated",3,2,0.404355577615599,0.808711155231198,-0.0868449316306982,0.022583374356871,-0.0291978232145075,19,-0.0868449316306982,0.022583374356871,-0.0291978232145075,2,-0.0868449316306982,0.022583374356871,-0.0291978232145075,3
"A1_Baseline_Uncorrelated",3,3,0.328802333163336,0.986406999490008,-0.078860468881081,-0.00661444885763651,0.0394706419182071,19,-0.078860468881081,-0.00661444885763651,0.0394706419182071,2,-0.078860468881081,-0.00661444885763651,0.0394706419182071,3
"A1_Baseline_Uncorrelated",3,4,0.246634639853437,0.986538559413747,-0.0657395967796139,0.0328561930605706,-0.0164227388148826,19,-0.0657395967796139,0.0328561930605706,-0.0164227388148826,2,-0.0657395967796139,0.0328561930605706,-0.0164227388148826,3
"A1_Baseline_Uncorrelated",3,5,0.197323139604108,0.986615698020541,-0.0410947731264846,0.016433454245688,-0.00704150762987568,19,-0.0410947731264846,0.016433454245688,-0.00704150762987568,2,-0.0410947731264846,0.016433454245688,-0.00704150762987568,3
"A1_Baseline_Uncorrelated",3,6,0.164445093600468,0.986670561602806,-0.0281820726957344,0.00939194661581233,-0.00352152632177716,19,-0.0281820726957344,0.00939194661581233,-0.00352152632177716,2,-0.0281820726957344,0.00939194661581233,-0.00352152632177716,3
"A1_Baseline_Uncorrelated",3,7,0.140958994212639,0.986712959488476,-0.0205508892408107,0.00587042029403517,-0.00195663292654634,19,-0.0205508892408107,0.00587042029403517,-0.00195663292654634,2,-0.0205508892408107,0.00587042029403517,-0.00195663292654634,3
"A1_Baseline_Uncorrelated",3,8,0.123343315118846,0.986746520950771,-0.0156587854100487,0.00391378736748883,-0.00117384315107849,19,-0.0156587854100487,0.00391378736748883,-0.00117384315107849,2,-0.0156587854100487,0.00391378736748883,-0.00117384315107849,3
"A1_Baseline_Uncorrelated",3,9,0.109641423392542,0.986772810532879,-0.0123319196180991,0.00273994421641034,-0.000747270424986526,19,-0.0123319196180991,0.00273994421641034,-0.000747270424986526,2,-0.0123319196180991,0.00273994421641034,-0.000747270424986526,3
"A1_Baseline_Uncorrelated",3,10,0.0986794758826482,0.986794758826482,-0.009965610614182,0.00199267379142382,-0.00049814196395298,19,-0.009965610614182,0.00199267379142382,-0.00049814196395298,2,-0.009965610614182,0.00199267379142382,-0.00049814196395298,3
"A1_Baseline_Uncorrelated",3,11,0.0897102021641781,0.986812223805959,-0.00822200780473467,0.00149453182747084,-0.000344814162955412,19,-0.00822200780473467,0.00149453182747084,-0.000344814162955412,2,-0.00822200780473467,0.00149453182747084,-0.000344814162955412,3
"A1_Baseline_Uncorrelated",3,12,0.0822354602731789,0.986825523278146,-0.00689988305874154,0.00114971766451542,-0.0002463175688633,19,-0.00689988305874154,0.00114971766451542,-0.0002463175688633,2,-0.00689988305874154,0.00114971766451542,-0.0002463175688633,3
"A1_Baseline_Uncorrelated",3,13,0.075910436046695,0.986835668607035,-0.00587332417865777,0.000903400095652124,-0.000180651451920588,19,-0.00587332417865777,0.000903400095652124,-0.000180651451920588,2,-0.00587332417865777,0.000903400095652124,-0.000180651451920588,3
"A1_Baseline_Uncorrelated",3,14,0.0704888119158633,0.986843366822087,-0.00506024980896594,0.000722748643731536,-0.000135480580968933,19,-0.00506024980896594,0.000722748643731536,-0.000135480580968933,2,-0.00506024980896594,0.000722748643731536,-0.000135480580968933,3
"A1_Baseline_Uncorrelated",3,15,0.0657899364287632,0.986849046431447,-0.00440524145571887,0.000587268062762603,-0.0001036427404369,19,-0.00440524145571887,0.000587268062762603,-0.0001036427404369,2,-0.00440524145571887,0.000587268062762603,-0.0001036427404369,3
"A1_Baseline_Uncorrelated",3,16,0.0616783290044256,0.986853264070809,-0.00386979476317472,0.000483625322325702,-8.05780091241506e-05,19,-0.00386979476317472,0.000483625322325702,-8.05780091241506e-05,2,-0.00386979476317472,0.000483625322325702,-8.05780091241506e-05,3
"A1_Baseline_Uncorrelated",3,17,0.0580503469024137,0.986855897341033,-0.00342645844541109,0.000403047313201552,-6.36226292562297e-05,19,-0.00342645844541109,0.000403047313201552,-6.36226292562297e-05,2,-0.00342645844541109,0.000403047313201552,-6.36226292562297e-05,3
"A1_Baseline_Uncorrelated",3,18,0.0548254121136034,0.986857418044861,-0.00305522244683765,0.000339424683945322,-5.08998161517712e-05,19,-0.00305522244683765,0.000339424683945322,-5.08998161517712e-05,2,-0.00305522244683765,0.000339424683945322,-5.08998161517712e-05,3
"A1_Baseline_Uncorrelated",3,19,0.0519399020087384,0.98685813816603,-0.00274124767096822,0.000288524867793551,-0.0470344564023891,19,-0.00274124767096822,0.000288524867793551,-0.000144262433896775,2,-0.00274124767096822,0.000288524867793551,-0.000144262433896775,3
"A1_Baseline_Uncorrelated",3,20,0.049342916771667,0.98685833543334,-0.00259698523707144,-0.0467459315345955,NA,19,-0.00259698523707144,0.000144262433896775,-0.000144262433896775,2,-0.00259698523707144,0.000144262433896775,-0.000144262433896775,3
"A2_Single_Predictor",1,1,0.951119307177283,0.951119307177283,-0.47530135761938,-1.42642066479666,1.74322261104678,2,-0.47530135761938,0.15840097312506,0.15840097312506,2,-0.47530135761938,0.15840097312506,0.15840097312506,3
"A2_Single_Predictor",1,2,0.475817949557903,0.951635899115806,-0.31690038449432,0.31680194625012,-0.237573022388005,2,-0.31690038449432,0.31680194625012,-0.237573022388005,2,-0.31690038449432,0.31680194625012,-0.237573022388005,3
"A2_Single_Predictor",1,3,0.317318538188643,0.951955614565929,-0.118884949438203,0.0792289238621147,-0.0475323280827775,2,-0.118884949438203,0.0792289238621147,-0.0475323280827775,2,-0.118884949438203,0.0792289238621147,-0.0475323280827775,3
"A2_Single_Predictor",1,4,0.238048050681497,0.95219220272599,-0.0634221896174769,0.0316965957793372,-0.0158452164718762,2,-0.0634221896174769,0.0316965957793372,-0.0158452164718762,2,-0.0634221896174769,0.0316965957793372,-0.0158452164718762,3
"A2_Single_Predictor",1,5,0.190474158953689,0.952370794768446,-0.0396482020740778,0.015851379307461,-0.0067922912197885,2,-0.0396482020740778,0.015851379307461,-0.0067922912197885,2,-0.0396482020740778,0.015851379307461,-0.0067922912197885,3
"A2_Single_Predictor",1,6,0.158751646533342,0.952509879200051,-0.0271929683765111,0.0090590880876725,-0.00339547791748804,2,-0.0271929683765111,0.0090590880876725,-0.00339547791748804,2,-0.0271929683765111,0.0090590880876725,-0.00339547791748804,3
"A2_Single_Predictor",1,7,0.136088222200667,0.952617555404669,-0.0198316192475826,0.00566361017018446,-0.0018878314533735,2,-0.0198316192475826,0.00566361017018446,-0.0018878314533735,2,-0.0198316192475826,0.00566361017018446,-0.0018878314533735,3
"A2_Single_Predictor",1,8,0.119088408038177,0.952707264305413,-0.0151119248040849,0.00377577871681097,-0.00113216009525477,2,-0.0151119248040849,0.00377577871681097,-0.00113216009525477,2,-0.0151119248040849,0.00377577871681097,-0.00113216009525477,3
"A2_Single_Predictor",1,9,0.105864372592497,0.952779353332475,-0.0119022261349013,0.0026436186215562,-0.000720986833595019,2,-0.0119022261349013,0.0026436186215562,-0.000720986833595019,2,-0.0119022261349013,0.0026436186215562,-0.000720986833595019,3
"A2_Single_Predictor",1,10,0.095283955768374,0.95283955768374,-0.00961910093014261,0.00192263178796118,-0.000480626954961191,2,-0.00961910093014261,0.00192263178796118,-0.000480626954961191,2,-0.00961910093014261,0.00192263178796118,-0.000480626954961191,3
"A2_Single_Predictor",1,11,0.086626170732212,0.952887878054332,-0.00793678261966203,0.00144200483299999,-0.000332630829525296,2,-0.00793678261966203,0.00144200483299999,-0.000332630829525296,2,-0.00793678261966203,0.00144200483299999,-0.000332630829525296,3
"A2_Single_Predictor",1,12,0.07941039052905,0.9529246863486,-0.00666109320142469,0.00110937400347469,-0.000237432656307893,2,-0.00666109320142469,0.00110937400347469,-0.000237432656307893,2,-0.00666109320142469,0.00110937400347469,-0.000237432656307893,3
"A2_Single_Predictor",1,13,0.0733039843293627,0.952951796281714,-0.00567043552610395,0.000871941347166796,-0.000174465257465839,2,-0.00567043552610395,0.000871941347166796,-0.000174465257465839,2,-0.00567043552610395,0.000871941347166796,-0.000174465257465839,3
"A2_Single_Predictor",1,14,0.0680695194768421,0.95297327267579,-0.00488572680767007,0.000697476089700957,-0.000130585373362566,2,-0.00488572680767007,0.000697476089700957,-0.000130585373362566,2,-0.00488572680767007,0.000697476089700957,-0.000130585373362566,3
"A2_Single_Predictor",1,15,0.0635325307140225,0.952987960710338,-0.0042535434046504,0.000566890716338392,-0.000100045542096278,2,-0.0042535434046504,0.000566890716338392,-0.000100045542096278,2,-0.0042535434046504,0.000566890716338392,-0.000100045542096278,3
"A2_Single_Predictor",1,16,0.0595624326675413,0.952998922680661,-0.00373667545936014,0.000466845174242114,-7.77721181604782e-05,2,-0.00373667545936014,0.000466845174242114,-7.77721181604782e-05,2,-0.00373667545936014,0.000466845174242114,-7.77721181604782e-05,3
"A2_Single_Predictor",1,17,0.0560591797953022,0.953006056520138,-0.00330871634419827,0.000389073056081636,-6.1367044611578e-05,2,-0.00330871634419827,0.000389073056081636,-6.1367044611578e-05,2,-0.00330871634419827,0.000389073056081636,-6.1367044611578e-05,3
"A2_Single_Predictor",1,18,0.0529449999791448,0.953009999624606,-0.00295032681042242,0.000327706011470058,-4.91246327235448e-05,2,-0.00295032681042242,0.000327706011470058,-4.91246327235448e-05,2,-0.00295032681042242,0.000327706011470058,-4.91246327235448e-05,3
"A2_Single_Predictor",1,19,0.0501585261744574,0.95301199731469,-0.00264718311531413,0.000278581378746513,-0.0454213227013221,2,-0.00264718311531413,0.000278581378746513,-0.000139290689373257,2,-0.00264718311531413,0.000278581378746513,-0.000139290689373257,3
"A2_Single_Predictor",1,20,0.0476506337485165,0.95301267497033,-0.00250789242594088,-0.0451427413225756,NA,2,-0.00250789242594088,0.000139290689373257,-0.000139290689373257,2,-0.00250789242594088,0.000139290689373257,-0.000139290689373257,3
"A3_Full_Support",20,1,0.118130436404446,0.118130436404446,-0.010113372970255,-0.128243809374701,0.131475965280634,19,-0.010113372970255,0.00161607795296684,0.00161607795296684,2,-0.010113372970255,0.00161607795296684,0.00161607795296684,3
"A3_Full_Support",20,2,0.108017063434191,0.216034126868381,-0.0084972950172882,0.00323215590593368,-0.0019488152368061,19,-0.0084972950172882,0.00323215590593368,-0.0019488152368061,2,-0.0084972950172882,0.00323215590593368,-0.0019488152368061,3
"A3_Full_Support",20,3,0.101135846369869,0.303407539109608,-0.00623954672975757,0.00128334066912758,-0.000527433147987658,19,-0.00623954672975757,0.00128334066912758,-0.000527433147987658,2,-0.00623954672975757,0.00128334066912758,-0.000527433147987658,3
"A3_Full_Support",20,4,0.0955379699746755,0.382151879898702,-0.00521992263462382,0.000755907521139923,-0.000234202700335653,19,-0.00521992263462382,0.000755907521139923,-0.000234202700335653,2,-0.00521992263462382,0.000755907521139923,-0.000234202700335653,3
"A3_Full_Support",20,5,0.0906960011006216,0.453480005503108,-0.00458111646365172,0.00052170482080427,3.26147348279904e-05,19,-0.00458111646365172,0.00052170482080427,3.26147348279904e-05,2,-0.00458111646365172,0.00052170482080427,3.26147348279904e-05,3
"A3_Full_Support",20,6,0.0863757370473721,0.518254422284232,-0.00404310427543346,0.00055431955563226,-0.000134824822128357,19,-0.00404310427543346,0.00055431955563226,-0.000134824822128357,2,-0.00404310427543346,0.00055431955563226,-0.000134824822128357,3
"A3_Full_Support",20,7,0.0826097925497547,0.578268547848283,-0.00355619713086538,0.000419494733503903,-0.000231992919447838,19,-0.00355619713086538,0.000419494733503903,-0.000231992919447838,2,-0.00355619713086538,0.000419494733503903,-0.000231992919447838,3
"A3_Full_Support",20,8,0.0792633427856413,0.63410674228513,-0.00325269885708539,0.000187501814056065,9.580253257499e-05,19,-0.00325269885708539,0.000187501814056065,9.580253257499e-05,2,-0.00325269885708539,0.000187501814056065,9.580253257499e-05,3
"A3_Full_Support",20,9,0.0761043948355839,0.684939553520255,-0.00301729577674183,0.000283304346631055,-0.000167675051902891,19,-0.00301729577674183,0.000283304346631055,-0.000167675051902891,2,-0.00301729577674183,0.000283304346631055,-0.000167675051902891,3
"A3_Full_Support",20,10,0.0732287512321576,0.732287512321576,-0.00281782895606222,0.000115629294728165,3.15829975129495e-05,19,-0.00281782895606222,0.000115629294728165,3.15829975129495e-05,2,-0.00281782895606222,0.000115629294728165,3.15829975129495e-05,3
"A3_Full_Support",20,11,0.0704687369234595,0.775156106158054,-0.00268640816257758,0.000147212292241114,-0.000110153443005356,19,-0.00268640816257758,0.000147212292241114,-0.000110153443005356,2,-0.00268640816257758,0.000147212292241114,-0.000110153443005356,3
"A3_Full_Support",20,12,0.0678559349070025,0.81427121888403,-0.00259427259183915,3.70588492357576e-05,8.96471763718182e-05,19,-0.00259427259183915,3.70588492357576e-05,8.96471763718182e-05,2,-0.00259427259183915,3.70588492357576e-05,8.96471763718182e-05,3
"A3_Full_Support",20,13,0.0652801917397812,0.848642492617156,-0.00251239015441748,0.000126706025607576,-4.84250494676638e-05,19,-0.00251239015441748,0.000126706025607576,-4.84250494676638e-05,2,-0.00251239015441748,0.000126706025607576,-4.84250494676638e-05,3
"A3_Full_Support",20,14,0.0628311545981675,0.879636164374345,-0.00240989665354374,7.8280976139912e-05,1.53546933694196e-05,19,-0.00240989665354374,7.8280976139912e-05,1.53546933694196e-05,2,-0.00240989665354374,7.8280976139912e-05,1.53546933694196e-05,3
"A3_Full_Support",20,15,0.0604603984326937,0.906905976490406,-0.00232393833071912,9.36356695093316e-05,-2.49111949748165e-06,19,-0.00232393833071912,9.36356695093316e-05,-2.49111949748165e-06,2,-0.00232393833071912,9.36356695093316e-05,-2.49111949748165e-06,3
"A3_Full_Support",20,16,0.0581832779367293,0.930932446987668,-0.00223154822095853,9.11445500118499e-05,-3.4862969454881e-05,19,-0.00223154822095853,9.11445500118499e-05,-3.4862969454881e-05,2,-0.00223154822095853,9.11445500118499e-05,-3.4862969454881e-05,3
"A3_Full_Support",20,17,0.0559973019907767,0.951954133843203,-0.00215783515567412,5.62815805569689e-05,5.4260493064763e-05,19,-0.00215783515567412,5.62815805569689e-05,5.4260493064763e-05,2,-0.00215783515567412,5.62815805569689e-05,5.4260493064763e-05,3
"A3_Full_Support",20,18,0.053867607625381,0.969616937256859,-0.00207442332858477,0.000110542073621732,-2.8007401290657e-05,19,-0.00207442332858477,0.000110542073621732,-2.8007401290657e-05,2,-0.00207442332858477,0.000110542073621732,-2.8007401290657e-05,3
"A3_Full_Support",20,19,0.0518484553336071,0.985120651338536,-0.00197788495560836,8.25346723310749e-05,-0.0480577547670526,19,-0.00197788495560836,8.25346723310749e-05,-4.12673361655375e-05,2,-0.00197788495560836,8.25346723310749e-05,-4.12673361655375e-05,3
"A3_Full_Support",20,20,0.0499118377141643,0.998236754283286,-0.00193661761944283,-0.0479752200947215,NA,19,-0.00193661761944283,4.12673361655375e-05,-4.12673361655375e-05,2,-0.00193661761944283,4.12673361655375e-05,-4.12673361655375e-05,3
"B1_AR1_Weak",3,1,0.518858130775237,0.518858130775237,-0.113449418714901,-0.632307549490138,0.668874022270902,19,-0.113449418714901,0.0182832363903817,0.0182832363903817,2,-0.113449418714901,0.0182832363903817,0.0182832363903817,3
"B1_AR1_Weak",3,2,0.405408712060335,0.810817424120671,-0.0951661823245197,0.0365664727807635,-0.0417810501461538,19,-0.0951661823245197,0.0365664727807635,-0.0417810501461538,2,-0.0951661823245197,0.0365664727807635,-0.0417810501461538,3
"B1_AR1_Weak",3,3,0.328525766126197,0.985577298378592,-0.0794902346168331,-0.0052145773653903,0.0380439087058511,19,-0.0794902346168331,-0.0052145773653903,0.0380439087058511,2,-0.0794902346168331,-0.0052145773653903,0.0380439087058511,3
"B1_AR1_Weak",3,4,0.246428242826669,0.985712971306676,-0.0656828576292979,0.0328293313404608,-0.0164113773728593,19,-0.0656828576292979,0.0328293313404608,-0.0164113773728593,2,-0.0656828576292979,0.0328293313404608,-0.0164113773728593,3
"B1_AR1_Weak",3,5,0.197160050867602,0.985800254338008,-0.0410592149752668,0.0164179539676014,-0.00703442275914129,19,-0.0410592149752668,0.0164179539676014,-0.00703442275914129,2,-0.0410592149752668,0.0164179539676014,-0.00703442275914129,3
"B1_AR1_Weak",3,6,0.164309812876136,0.985858877256813,-0.028158472387236,0.00938353120846014,-0.00351805529478837,19,-0.028158472387236,0.00938353120846014,-0.00351805529478837,2,-0.028158472387236,0.00938353120846014,-0.00351805529478837,3
"B1_AR1_Weak",3,7,0.14084310609313,0.985901742651907,-0.0205339688261701,0.00586547591367177,-0.00195474061960489,19,-0.0205339688261701,0.00586547591367177,-0.00195474061960489,2,-0.0205339688261701,0.00586547591367177,-0.00195474061960489,3
"B1_AR1_Weak",3,8,0.123241875223795,0.985935001790363,-0.0156458632223007,0.00391073529406688,-0.00117325301100268,19,-0.0156458632223007,0.00391073529406688,-0.00117325301100268,2,-0.0156458632223007,0.00391073529406688,-0.00117325301100268,3
"B1_AR1_Weak",3,9,0.109551379648528,0.985962416836753,-0.0123217544337352,0.0027374822830642,-0.000746314075262849,19,-0.0123217544337352,0.0027374822830642,-0.000746314075262849,2,-0.0123217544337352,0.0027374822830642,-0.000746314075262849,3
"B1_AR1_Weak",3,10,0.098598366356325,0.98598366356325,-0.00995742918830242,0.00199116820780135,-0.000497858672991014,19,-0.00995742918830242,0.00199116820780135,-0.000497858672991014,2,-0.00995742918830242,0.00199116820780135,-0.000497858672991014,3
"B1_AR1_Weak",3,11,0.0896365212719233,0.986001733991156,-0.00821519031699658,0.00149330953481033,-0.00034448879940227,19,-0.00821519031699658,0.00149330953481033,-0.00034448879940227,2,-0.00821519031699658,0.00149330953481033,-0.00034448879940227,3
"B1_AR1_Weak",3,12,0.0821679857223319,0.986015828667982,-0.00689412518188738,0.00114882073540806,-0.000246211630748186,19,-0.00689412518188738,0.00114882073540806,-0.000246211630748186,2,-0.00689412518188738,0.00114882073540806,-0.000246211630748186,3
"B1_AR1_Weak",3,13,0.0758482709081485,0.986027521805931,-0.00586841026185341,0.000902609104659877,-0.000180504673070944,19,-0.00586841026185341,0.000902609104659877,-0.000180504673070944,2,-0.00586841026185341,0.000902609104659877,-0.000180504673070944,3
"B1_AR1_Weak",3,14,0.070431165198625,0.986036312780751,-0.00505605349372901,0.000722104431588932,-0.000135355832177601,19,-0.00505605349372901,0.000722104431588932,-0.000135355832177601,2,-0.00505605349372901,0.000722104431588932,-0.000135355832177601,3
"B1_AR1_Weak",3,15,0.0657361639206905,0.986042458810358,-0.00440162697822888,0.000586748599411331,-0.000103505954695653,19,-0.00440162697822888,0.000586748599411331,-0.000103505954695653,2,-0.00440162697822888,0.000586748599411331,-0.000103505954695653,3
"B1_AR1_Weak",3,16,0.0616279112421673,0.986046579874677,-0.00386663135616537,0.000483242644715678,-8.05224196742393e-05,19,-0.00386663135616537,0.000483242644715678,-8.05224196742393e-05,2,-0.00386663135616537,0.000483242644715678,-8.05224196742393e-05,3
"B1_AR1_Weak",3,17,0.0580029012083598,0.986049320542116,-0.00342364992128681,0.000402720225041439,-6.35797690016343e-05,19,-0.00342364992128681,0.000402720225041439,-6.35797690016343e-05,2,-0.00342364992128681,0.000402720225041439,-6.35797690016343e-05,3
"B1_AR1_Weak",3,18,0.0547806113995937,0.986051005192686,-0.00305271958074619,0.000339140456039805,-5.08556288196307e-05,19,-0.00305271958074619,0.000339140456039805,-5.08556288196307e-05,2,-0.00305271958074619,0.000339140456039805,-5.08556288196307e-05,3
"B1_AR1_Weak",3,19,0.0518974620468674,0.98605177889048,-0.0027390069391162,0.000288284827220174,-0.0469960178230753,19,-0.0027390069391162,0.000288284827220174,-0.000144142413610087,2,-0.0027390069391162,0.000288284827220174,-0.000144142413610087,3
"B1_AR1_Weak",3,20,0.0493025975213613,0.986051950427225,-0.00259486452550611,-0.0467077329958552,NA,19,-0.00259486452550611,0.000144142413610087,-0.000144142413610087,2,-0.00259486452550611,0.000144142413610087,-0.000144142413610087,3
"B1_AR1_Strong",3,1,0.592311604298373,0.592311604298373,-0.175501194038637,-0.76781279833701,0.854063761045274,2,-0.175501194038637,0.043125481354132,0.043125481354132,2,-0.175501194038637,0.043125481354132,0.043125481354132,3
"B1_AR1_Strong",3,2,0.416810410259737,0.833620820519473,-0.132375712684505,0.0862509627082641,-0.078854775476905,2,-0.132375712684505,0.0862509627082641,-0.078854775476905,2,-0.132375712684505,0.0862509627082641,-0.078854775476905,3
"B1_AR1_Strong",3,3,0.327560178929364,0.982680536788092,-0.0855521377146932,0.00739618723135915,0.0253389330963377,2,-0.0855521377146932,0.00739618723135915,0.0253389330963377,2,-0.0855521377146932,0.00739618723135915,0.0253389330963377,3
"B1_AR1_Strong",3,4,0.24570613483035,0.982824539321401,-0.0654864839351652,0.0327351203276969,-0.0163675985711409,2,-0.0654864839351652,0.0327351203276969,-0.0163675985711409,2,-0.0654864839351652,0.0327351203276969,-0.0163675985711409,3
"B1_AR1_Strong",3,5,0.196587211059034,0.982936055295168,-0.0409351628930387,0.016367521756556,-0.0070136637209462,2,-0.0409351628930387,0.016367521756556,-0.0070136637209462,2,-0.0409351628930387,0.016367521756556,-0.0070136637209462,3
"B1_AR1_Strong",3,6,0.163835809044273,0.983014854265637,-0.0280744729969558,0.00935385803560981,-0.00350562893674695,2,-0.0280744729969558,0.00935385803560981,-0.00350562893674695,2,-0.0280744729969558,0.00935385803560981,-0.00350562893674695,3
"B1_AR1_Strong",3,7,0.140438265065122,0.983067855455854,-0.0204734294297195,0.00584822909886286,-0.0019496015318979,2,-0.0204734294297195,0.00584822909886286,-0.0019496015318979,2,-0.0204734294297195,0.00584822909886286,-0.0019496015318979,3
"B1_AR1_Strong",3,8,0.122888950184834,0.983111601478672,-0.0156000010968056,0.00389862756696496,-0.00116926986419848,2,-0.0156000010968056,0.00389862756696496,-0.00116926986419848,2,-0.0156000010968056,0.00389862756696496,-0.00116926986419848,3
"B1_AR1_Strong",3,9,0.109238262871511,0.983144365843598,-0.0122860084619398,0.00272935770276649,-0.000744038163105754,2,-0.0122860084619398,0.00272935770276649,-0.000744038163105754,2,-0.0122860084619398,0.00272935770276649,-0.000744038163105754,3
"B1_AR1_Strong",3,10,0.0983169332609543,0.983169332609543,-0.00992866984072622,0.00198531953966073,-0.000496240507795509,2,-0.00992866984072622,0.00198531953966073,-0.000496240507795509,2,-0.00992866984072622,0.00198531953966073,-0.000496240507795509,3
"B1_AR1_Strong",3,11,0.0893809231900585,0.983190155090643,-0.00819147055496324,0.00148907903186522,-0.00034373317413737,2,-0.00819147055496324,0.00148907903186522,-0.00034373317413737,2,-0.00819147055496324,0.00148907903186522,-0.00034373317413737,3
"B1_AR1_Strong",3,12,0.0819339921510278,0.983207905812334,-0.0068742581101667,0.00114534585772785,-0.000245392757058774,2,-0.0068742581101667,0.00114534585772785,-0.000245392757058774,2,-0.0068742581101667,0.00114534585772785,-0.000245392757058774,3
"B1_AR1_Strong",3,13,0.075632406969725,0.983221290606426,-0.00585160863096824,0.000899953100669079,-0.000179879295158739,2,-0.00585160863096824,0.000899953100669079,-0.000179879295158739,2,-0.00585160863096824,0.000899953100669079,-0.000179879295158739,3
"B1_AR1_Strong",3,14,0.0702307748890914,0.983230848447279,-0.00504159517787853,0.000720073805510341,-0.000135019646883158,2,-0.00504159517787853,0.000720073805510341,-0.000135019646883158,2,-0.00504159517787853,0.000720073805510341,-0.000135019646883158,3
"B1_AR1_Strong",3,15,0.065549216613968,0.98323824920952,-0.00438903119580977,0.000585054158627182,-0.000103235821392864,2,-0.00438903119580977,0.000585054158627182,-0.000103235821392864,2,-0.00438903119580977,0.000585054158627182,-0.000103235821392864,3
"B1_AR1_Strong",3,16,0.0614527124974718,0.983243399959549,-0.00385559494787902,0.000481818337234319,-8.02594485165564e-05,2,-0.00385559494787902,0.000481818337234319,-8.02594485165564e-05,2,-0.00385559494787902,0.000481818337234319,-8.02594485165564e-05,3
"B1_AR1_Strong",3,17,0.05783802671821,0.983246454209569,-0.00341390633490297,0.000401558888717762,-6.33841833118307e-05,2,-0.00341390633490297,0.000401558888717762,-6.33841833118307e-05,2,-0.00341390633490297,0.000401558888717762,-6.33841833118307e-05,3
"B1_AR1_Strong",3,18,0.0546248998276659,0.983248196897986,-0.00304403953784113,0.000338174705405932,-5.0707121871843e-05,2,-0.00304403953784113,0.000338174705405932,-5.0707121871843e-05,2,-0.00304403953784113,0.000338174705405932,-5.0707121871843e-05,3
"B1_AR1_Strong",3,19,0.0517499476425277,0.983249005208026,-0.00273121839337112,0.000287467583534089,-0.0468624460228537,2,-0.00273121839337112,0.000287467583534089,-0.000143733791767044,2,-0.00273121839337112,0.000287467583534089,-0.000143733791767044,3
"B1_AR1_Strong",3,20,0.0491624630409236,0.983249260818473,-0.00258748460160407,-0.0465749784393196,NA,2,-0.00258748460160407,0.000143733791767044,-0.000143733791767044,2,-0.00258748460160407,0.000143733791767044,-0.000143733791767044,3
"B2_Compound_Symmetry",3,1,0.5929004138301,0.5929004138301,-0.178340572544378,-0.771240986374478,0.862487595709542,2,-0.178340572544378,0.0456233046675317,0.0456233046675317,2,-0.178340572544378,0.0456233046675317,0.0456233046675317,3
"B2_Compound_Symmetry",3,2,0.414559841285722,0.829119682571445,-0.132717267876846,0.0912466093350633,-0.0859790141191607,2,-0.132717267876846,0.0912466093350633,-0.0859790141191607,2,-0.132717267876846,0.0912466093350633,-0.0859790141191607,3
"B2_Compound_Symmetry",3,3,0.327465878076408,0.982397634229223,-0.0844601656013633,0.00526759521590267,0.0274521974043686,2,-0.0844601656013633,0.00526759521590267,0.0274521974043686,2,-0.0844601656013633,0.00526759521590267,0.0274521974043686,3
"B2_Compound_Symmetry",3,4,0.245639510082996,0.982558040331983,-0.0654664716832764,0.0327197926202712,-0.0163559195772948,2,-0.0654664716832764,0.0327197926202712,-0.0163559195772948,2,-0.0654664716832764,0.0327197926202712,-0.0163559195772948,3
"B2_Compound_Symmetry",3,5,0.196532934709855,0.982664673549275,-0.0409246388516526,0.0163638730429764,-0.0070116562827417,2,-0.0409246388516526,0.0163638730429764,-0.0070116562827417,2,-0.0409246388516526,0.0163638730429764,-0.0070116562827417,3
"B2_Compound_Symmetry",3,6,0.163790232379691,0.982741394278143,-0.028066593950047,0.00935221676023473,-0.00350597810989076,2,-0.028066593950047,0.00935221676023473,-0.00350597810989076,2,-0.028066593950047,0.00935221676023473,-0.00350597810989076,3
"B2_Compound_Symmetry",3,7,0.140399746809761,0.982798227668327,-0.0204673662447576,0.00584623865034398,-0.00194867572920046,2,-0.0204673662447576,0.00584623865034398,-0.00194867572920046,2,-0.0204673662447576,0.00584623865034398,-0.00194867572920046,3
"B2_Compound_Symmetry",3,8,0.122855499890175,0.982843999121402,-0.0155954654590139,0.00389756292114352,-0.00116906157744404,2,-0.0155954654590139,0.00389756292114352,-0.00116906157744404,2,-0.0155954654590139,0.00389756292114352,-0.00116906157744404,3
"B2_Compound_Symmetry",3,9,0.109208815891733,0.982879343025599,-0.0122824333265924,0.00272850134369948,-0.000743807994342496,2,-0.0122824333265924,0.00272850134369948,-0.000743807994342496,2,-0.0122824333265924,0.00272850134369948,-0.000743807994342496,3
"B2_Compound_Symmetry",3,10,0.0982906332369905,0.982906332369905,-0.00992583598006416,0.00198469334935698,-0.000496214048400861,2,-0.00992583598006416,0.00198469334935698,-0.000496214048400861,2,-0.00992583598006416,0.00198469334935698,-0.000496214048400861,3
"B2_Compound_Symmetry",3,11,0.0893571439316049,0.982928583247653,-0.0081892496549076,0.00148847930095612,-0.000343321175919287,2,-0.0081892496549076,0.00148847930095612,-0.000343321175919287,2,-0.0081892496549076,0.00148847930095612,-0.000343321175919287,3
"B2_Compound_Symmetry",3,12,0.0819121339271753,0.982945607126104,-0.00687243094191112,0.00114515812503684,-0.000245436593615936,2,-0.00687243094191112,0.00114515812503684,-0.000245436593615936,2,-0.00687243094191112,0.00114515812503684,-0.000245436593615936,3
"B2_Compound_Symmetry",3,13,0.0756122820477826,0.982959666621174,-0.00584999111368226,0.0008997215314209,-0.000179883989561425,2,-0.00584999111368226,0.0008997215314209,-0.000179883989561425,2,-0.00584999111368226,0.0008997215314209,-0.000179883989561425,3
"B2_Compound_Symmetry",3,14,0.0702121516998108,0.982970123797351,-0.00504021157704207,0.000719837541859475,-0.000134947856338552,2,-0.00504021157704207,0.000719837541859475,-0.000134947856338552,2,-0.00504021157704207,0.000719837541859475,-0.000134947856338552,3
"B2_Compound_Symmetry",3,15,0.0655318588936985,0.982977883405477,-0.00438784796335187,0.000584889685520923,-0.00010318228667535,2,-0.00438784796335187,0.000584889685520923,-0.00010318228667535,2,-0.00438784796335187,0.000584889685520923,-0.00010318228667535,3
"B2_Compound_Symmetry",3,16,0.0614364557731071,0.982983292369713,-0.00385454942116862,0.000481707398845573,-8.02515665473194e-05,2,-0.00385454942116862,0.000481707398845573,-8.02515665473194e-05,2,-0.00385454942116862,0.000481707398845573,-8.02515665473194e-05,3
"B2_Compound_Symmetry",3,17,0.0578227600513612,0.982986920873141,-0.00341296780559671,0.000401455832298253,-6.34027131135376e-05,2,-0.00341296780559671,0.000401455832298253,-6.34027131135376e-05,2,-0.00341296780559671,0.000401455832298253,-6.34027131135376e-05,3
"B2_Compound_Symmetry",3,18,0.0546105201619136,0.982989362914446,-0.00304321332985523,0.000338053119184716,-5.06678935447424e-05,2,-0.00304321332985523,0.000338053119184716,-5.06678935447424e-05,2,-0.00304321332985523,0.000338053119184716,-5.06678935447424e-05,3
"B2_Compound_Symmetry",3,19,0.0517363333916508,0.982990334441365,-0.00273049415744288,0.000287385225639973,-0.046850115528045,2,-0.00273049415744288,0.000287385225639973,-0.000143692612819987,2,-0.00273049415744288,0.000287385225639973,-0.000143692612819987,3
"B2_Compound_Symmetry",3,20,0.0491495318470279,0.982990636940558,-0.0025868015446229,-0.046562730302405,NA,2,-0.0025868015446229,0.000143692612819987,-0.000143692612819987,2,-0.0025868015446229,0.000143692612819987,-0.000143692612819987,3
"B3_Block_Structure",3,1,0.564202992004062,0.564202992004062,-0.151584890261775,-0.715787882265838,0.782632363454539,2,-0.151584890261775,0.0334222405943506,0.0334222405943506,2,-0.151584890261775,0.0334222405943506,0.0334222405943506,3
"B3_Block_Structure",3,2,0.412618101742287,0.825236203484574,-0.118162649667425,0.0668444811887013,-0.0640397381860984,2,-0.118162649667425,0.0668444811887013,-0.0640397381860984,2,-0.118162649667425,0.0668444811887013,-0.0640397381860984,3
"B3_Block_Structure",3,3,0.327877692669213,0.983633078007638,-0.0833380375717727,0.00280474300260289,0.0299624962779864,2,-0.0833380375717727,0.00280474300260289,0.0299624962779864,2,-0.0833380375717727,0.00280474300260289,0.0299624962779864,3
"B3_Block_Structure",3,4,0.245942026598742,0.983768106394966,-0.0655520464301766,0.0327672392805893,-0.016382149864648,2,-0.0655520464301766,0.0327672392805893,-0.016382149864648,2,-0.0655520464301766,0.0327672392805893,-0.016382149864648,3
"B3_Block_Structure",3,5,0.19677359980886,0.983867999044298,-0.0409758820819114,0.0163850894159412,-0.00702140641792759,2,-0.0409758820819114,0.0163850894159412,-0.00702140641792759,2,-0.0409758820819114,0.0163850894159412,-0.00702140641792759,3
"B3_Block_Structure",3,6,0.163990262434919,0.983941574609512,-0.0281014958749339,0.00936368299801366,-0.00350991968700393,2,-0.0281014958749339,0.00936368299801366,-0.00350991968700393,2,-0.0281014958749339,0.00936368299801366,-0.00350991968700393,3
"B3_Block_Structure",3,7,0.140570608058992,0.983994256412941,-0.0204927727204222,0.00585376331100973,-0.00195132008634268,2,-0.0204927727204222,0.00585376331100973,-0.00195132008634268,2,-0.0204927727204222,0.00585376331100973,-0.00195132008634268,3
"B3_Block_Structure",3,8,0.123004716994074,0.984037735952594,-0.0156146694525839,0.00390244322466705,-0.00117042759073278,2,-0.0156146694525839,0.00390244322466705,-0.00117042759073278,2,-0.0156146694525839,0.00390244322466705,-0.00117042759073278,3
"B3_Block_Structure",3,9,0.109341269153824,0.984071422384415,-0.0122974400232832,0.00273201563393427,-0.000745028104482459,2,-0.0122974400232832,0.00273201563393427,-0.000745028104482459,2,-0.0122974400232832,0.00273201563393427,-0.000745028104482459,3
"B3_Block_Structure",3,10,0.0984098369475079,0.984098369475079,-0.00993793844159015,0.00198698752945181,-0.00049667719942452,2,-0.00993793844159015,0.00198698752945181,-0.00049667719942452,2,-0.00993793844159015,0.00198698752945181,-0.00049667719942452,3
"B3_Block_Structure",3,11,0.0894653922706436,0.98411931497708,-0.0081992895118506,0.00149031033002729,-0.000343777369658876,2,-0.0081992895118506,0.00149031033002729,-0.000343777369658876,2,-0.0081992895118506,0.00149031033002729,-0.000343777369658876,3
"B3_Block_Structure",3,12,0.0820112579238067,0.98413509508568,-0.00688086786665274,0.00114653296036842,-0.000245716688686753,2,-0.00688086786665274,0.00114653296036842,-0.000245716688686753,2,-0.00688086786665274,0.00114653296036842,-0.000245716688686753,3
"B3_Block_Structure",3,13,0.0757036565373382,0.984147534985396,-0.0058571932506277,0.000900816271681662,-0.000180083766187014,2,-0.0058571932506277,0.000900816271681662,-0.000180083766187014,2,-0.0058571932506277,0.000900816271681662,-0.000180083766187014,3
"B3_Block_Structure",3,14,0.0702968714225513,0.984156199915718,-0.00504641886203955,0.000720732505494648,-0.000135102994018858,2,-0.00504641886203955,0.000720732505494648,-0.000135102994018858,2,-0.00504641886203955,0.000720732505494648,-0.000135102994018858,3
"B3_Block_Structure",3,15,0.0656108188132591,0.984162282198886,-0.00439323785355433,0.00058562951147579,-0.000103306606958911,2,-0.00439323785355433,0.00058562951147579,-0.000103306606958911,2,-0.00439323785355433,0.00058562951147579,-0.000103306606958911,3
"B3_Block_Structure",3,16,0.0615103957154426,0.984166331447082,-0.003859261645558,0.000482322904516878,-8.037079573954e-05,2,-0.003859261645558,0.000482322904516878,-8.037079573954e-05,2,-0.003859261645558,0.000482322904516878,-8.037079573954e-05,3
"B3_Block_Structure",3,17,0.0578922955221431,0.984169023876432,-0.00341712413891089,0.000401952108777338,-6.34587688827237e-05,2,-0.00341712413891089,0.000401952108777338,-6.34587688827237e-05,2,-0.00341712413891089,0.000401952108777338,-6.34587688827237e-05,3
"B3_Block_Structure",3,18,0.0546761474376209,0.984170653877175,-0.00304690141457491,0.000338493339894615,-5.07547208467574e-05,2,-0.00304690141457491,0.000338493339894615,-5.07547208467574e-05,2,-0.00304690141457491,0.000338493339894615,-5.07547208467574e-05,3
"B3_Block_Structure",3,19,0.0517984926929932,0.984171361166872,-0.00273378543510367,0.000287738619047857,-0.0469063990608816,2,-0.00273378543510367,0.000287738619047857,-0.000143869309523929,2,-0.00273378543510367,0.000287738619047857,-0.000143869309523929,3
"B3_Block_Structure",3,20,0.0492085765674135,0.98417153134827,-0.00258991612557975,-0.0466186604418338,NA,2,-0.00258991612557975,0.000143869309523929,-0.000143869309523929,2,-0.00258991612557975,0.000143869309523929,-0.000143869309523929,3
"C1_Weak_Signals",5,1,0.293478186520086,0.293478186520086,-0.0877225845680816,-0.381200771088167,0.421403288453508,19,-0.0877225845680816,0.0201012586826704,0.0201012586826704,2,-0.0877225845680816,0.0201012586826704,0.0201012586826704,3
"C1_Weak_Signals",5,2,0.205755601952004,0.411511203904009,-0.0676213258854112,0.0402025173653408,-0.0247598341602154,19,-0.0676213258854112,0.0402025173653408,-0.0247598341602154,2,-0.0676213258854112,0.0402025173653408,-0.0247598341602154,3
"C1_Weak_Signals",5,3,0.158235534749263,0.47470660424779,-0.0397987256001782,0.0154426832051253,-0.00643098724047442,19,-0.0397987256001782,0.0154426832051253,-0.00643098724047442,2,-0.0397987256001782,0.0154426832051253,-0.00643098724047442,3
"C1_Weak_Signals",5,4,0.126158150751648,0.504632603006592,-0.0275715360152901,0.0090116959646509,-0.00255707140997237,19,-0.0275715360152901,0.0090116959646509,-0.00255707140997237,2,-0.0275715360152901,0.0090116959646509,-0.00255707140997237,3
"C1_Weak_Signals",5,5,0.103092462718683,0.515462313593417,-0.0198383757556253,0.00645462455467853,-0.00185305522585709,19,-0.0198383757556253,0.00645462455467853,-0.00185305522585709,2,-0.0198383757556253,0.00645462455467853,-0.00185305522585709,3
"C1_Weak_Signals",5,6,0.0864813992403973,0.518888395442384,-0.0143102788138754,0.00460156932882144,-0.00167805348924617,19,-0.0143102788138754,0.00460156932882144,-0.00167805348924617,2,-0.0143102788138754,0.00460156932882144,-0.00167805348924617,3
"C1_Weak_Signals",5,7,0.0744719050909326,0.521303335636528,-0.010547736229677,0.00292351583957527,-0.000945975659781786,19,-0.010547736229677,0.00292351583957527,-0.000945975659781786,2,-0.010547736229677,0.00292351583957527,-0.000945975659781786,3
"C1_Weak_Signals",5,8,0.0653859267810433,0.523087414248346,-0.00809720821999262,0.00197754017979349,-0.000585914747019425,19,-0.00809720821999262,0.00197754017979349,-0.000585914747019425,2,-0.00809720821999262,0.00197754017979349,-0.000585914747019425,3
"C1_Weak_Signals",5,9,0.0582774886509474,0.524497397858527,-0.00641262541370884,0.00139162543277406,-0.000373579097790719,19,-0.00641262541370884,0.00139162543277406,-0.000373579097790719,2,-0.00641262541370884,0.00139162543277406,-0.000373579097790719,3
"C1_Weak_Signals",5,10,0.0525606759536256,0.525606759536256,-0.00520778952983014,0.00101804633498334,-0.000249971077120256,19,-0.00520778952983014,0.00101804633498334,-0.000249971077120256,2,-0.00520778952983014,0.00101804633498334,-0.000249971077120256,3
"C1_Weak_Signals",5,11,0.0478619095912871,0.526481005504158,-0.00431472873340693,0.000768075257863085,-0.000176855894490104,19,-0.00431472873340693,0.000768075257863085,-0.000176855894490104,2,-0.00431472873340693,0.000768075257863085,-0.000176855894490104,3
"C1_Weak_Signals",5,12,0.0439312184868117,0.527174621841741,-0.0036350814227889,0.000591219363372981,-0.000121753201842718,19,-0.0036350814227889,0.000591219363372981,-0.000121753201842718,2,-0.0036350814227889,0.000591219363372981,-0.000121753201842718,3
"C1_Weak_Signals",5,13,0.0405917467457093,0.527692707694221,-0.00310473866033727,0.000469466161530263,-9.46209877581289e-05,19,-0.00310473866033727,0.000469466161530263,-9.46209877581289e-05,2,-0.00310473866033727,0.000469466161530263,-9.46209877581289e-05,3
"C1_Weak_Signals",5,14,0.0377217411661372,0.52810437632592,-0.00268258299268608,0.000374845173772134,-6.81950441686202e-05,19,-0.00268258299268608,0.000374845173772134,-6.81950441686202e-05,2,-0.00268258299268608,0.000374845173772134,-6.81950441686202e-05,3
"C1_Weak_Signals",5,15,0.0352265807603372,0.528398711405058,-0.00234183534099825,0.000306650129603514,-5.38774018508312e-05,19,-0.00234183534099825,0.000306650129603514,-5.38774018508312e-05,2,-0.00234183534099825,0.000306650129603514,-5.38774018508312e-05,3
"C1_Weak_Signals",5,16,0.0330380704841407,0.528609127746251,-0.00206212391232015,0.000252772727752683,-4.02498324246353e-05,19,-0.00206212391232015,0.000252772727752683,-4.02498324246353e-05,2,-0.00206212391232015,0.000252772727752683,-4.02498324246353e-05,3
"C1_Weak_Signals",5,17,0.0311023329356969,0.528739659906847,-0.00182947610077979,0.000212522895328048,-3.30670888605e-05,19,-0.00182947610077979,0.000212522895328048,-3.30670888605e-05,2,-0.00182947610077979,0.000212522895328048,-3.30670888605e-05,3
"C1_Weak_Signals",5,18,0.0293791182825811,0.52882412908646,-0.00163348674988199,0.000179455806467547,-2.68695791149388e-05,19,-0.00163348674988199,0.000179455806467547,-2.68695791149388e-05,2,-0.00163348674988199,0.000179455806467547,-2.68695791149388e-05,3
"C1_Weak_Signals",5,19,0.0278353594359329,0.528871829282725,-0.00146746573297191,0.000152586227352609,-0.0252056004246943,19,-0.00146746573297191,0.000152586227352609,-7.62931136763043e-05,2,-0.00146746573297191,0.000152586227352609,-7.62931136763043e-05,3
"C1_Weak_Signals",5,20,0.0264441868166373,0.528883736332746,-0.00139117261929561,-0.0250530141973417,NA,19,-0.00139117261929561,7.62931136763043e-05,-7.62931136763043e-05,2,-0.00139117261929561,7.62931136763043e-05,-7.62931136763043e-05,3
"C2_Many_Weak_Signals",10,1,0.255477324690164,0.255477324690164,-0.0542785463493401,-0.309755871039504,0.329518499682499,19,-0.0542785463493401,0.00988131432149746,0.00988131432149746,2,-0.0542785463493401,0.00988131432149746,0.00988131432149746,3
"C2_Many_Weak_Signals",10,2,0.201198778340824,0.402397556681648,-0.0443972320278427,0.0197626286429949,-0.0104012669907988,19,-0.0443972320278427,0.0197626286429949,-0.0104012669907988,2,-0.0443972320278427,0.0197626286429949,-0.0104012669907988,3
"C2_Many_Weak_Signals",10,3,0.166682860634479,0.500048581903436,-0.0298352368802471,0.00936136165219614,-0.00324534638180625,19,-0.0298352368802471,0.00936136165219614,-0.00324534638180625,2,-0.0298352368802471,0.00936136165219614,-0.00324534638180625,3
"C2_Many_Weak_Signals",10,4,0.14152830458033,0.566113218321318,-0.0220965484189541,0.00611601527038989,-0.00229069100669559,19,-0.0220965484189541,0.00611601527038989,-0.00229069100669559,2,-0.0220965484189541,0.00611601527038989,-0.00229069100669559,3
"C2_Many_Weak_Signals",10,5,0.12248976379657,0.612448818982852,-0.017125878651912,0.00382532426369431,-0.00106167917207707,19,-0.017125878651912,0.00382532426369431,-0.00106167917207707,2,-0.017125878651912,0.00382532426369431,-0.00106167917207707,3
"C2_Many_Weak_Signals",10,6,0.107276547276505,0.643659283659033,-0.0138313939742562,0.00276364509161724,-0.000652648159226513,19,-0.0138313939742562,0.00276364509161724,-0.000652648159226513,2,-0.0138313939742562,0.00276364509161724,-0.000652648159226513,3
"C2_Many_Weak_Signals",10,7,0.0948269758480579,0.663788830936405,-0.0113940729622523,0.00211099693239072,-0.000422742842955778,19,-0.0113940729622523,0.00211099693239072,-0.000422742842955778,2,-0.0113940729622523,0.00211099693239072,-0.000422742842955778,3
"C2_Many_Weak_Signals",10,8,0.084488401352001,0.675907210816008,-0.00949444745133943,0.00168825408943495,-0.000335171794585157,19,-0.00949444745133943,0.00168825408943495,-0.000335171794585157,2,-0.00949444745133943,0.00168825408943495,-0.000335171794585157,3
"C2_Many_Weak_Signals",10,9,0.075838080945379,0.682542728508411,-0.00797377925919707,0.00135308229484979,-0.000141337185551864,19,-0.00797377925919707,0.00135308229484979,-0.000141337185551864,2,-0.00797377925919707,0.00135308229484979,-0.000141337185551864,3
"C2_Many_Weak_Signals",10,10,0.0685408428336068,0.685408428336068,-0.00669136555712321,0.00121174510929793,-0.000239310134050194,19,-0.00669136555712321,0.00121174510929793,-0.000239310134050194,2,-0.00669136555712321,0.00121174510929793,-0.000239310134050194,3
"C2_Many_Weak_Signals",10,11,0.0624553498311326,0.687008848142458,-0.00559927551485038,0.000972434975247731,-0.000210455487974534,19,-0.00559927551485038,0.000972434975247731,-0.000210455487974534,2,-0.00559927551485038,0.000972434975247731,-0.000210455487974534,3
"C2_Many_Weak_Signals",10,12,0.057342291803906,0.688107501646873,-0.00473206828358992,0.000761979487273197,-0.000156453338862862,19,-0.00473206828358992,0.000761979487273197,-0.000156453338862862,2,-0.00473206828358992,0.000761979487273197,-0.000156453338862862,3
"C2_Many_Weak_Signals",10,13,0.0529912132639527,0.688885772431385,-0.00404831546574815,0.000605526148410335,-0.000116748586581401,19,-0.00404831546574815,0.000605526148410335,-0.000116748586581401,2,-0.00404831546574815,0.000605526148410335,-0.000116748586581401,3
"C2_Many_Weak_Signals",10,14,0.0492456608724097,0.689439252213736,-0.00350116361062852,0.000488777561828933,-8.93203294826464e-05,19,-0.00350116361062852,0.000488777561828933,-8.93203294826464e-05,2,-0.00350116361062852,0.000488777561828933,-8.93203294826464e-05,3
"C2_Many_Weak_Signals",10,15,0.0459888860426957,0.689833290640435,-0.00305704621354091,0.000399457232346287,-6.93991734210947e-05,19,-0.00305704621354091,0.000399457232346287,-6.93991734210947e-05,2,-0.00305704621354091,0.000399457232346287,-6.93991734210947e-05,3
"C2_Many_Weak_Signals",10,16,0.0431315684453279,0.690105095125247,-0.00269228856790517,0.000330058058925192,-5.29384527078319e-05,19,-0.00269228856790517,0.000330058058925192,-5.29384527078319e-05,2,-0.00269228856790517,0.000330058058925192,-5.29384527078319e-05,3
"C2_Many_Weak_Signals",10,17,0.0406043089068854,0.690273251417051,-0.00238869973533389,0.00027711960621736,-4.32491114505454e-05,19,-0.00238869973533389,0.00027711960621736,-4.32491114505454e-05,2,-0.00238869973533389,0.00027711960621736,-4.32491114505454e-05,3
"C2_Many_Weak_Signals",10,18,0.0383541689746601,0.690375041543883,-0.0021332046848418,0.000233870494766815,-3.39444890417109e-05,19,-0.0021332046848418,0.000233870494766815,-3.39444890417109e-05,2,-0.0021332046848418,0.000233870494766815,-3.39444890417109e-05,3
"C2_Many_Weak_Signals",10,19,0.0363378995372017,0.690420091206833,-0.00191630643459584,0.000199926005725104,-0.0329051386794603,19,-0.00191630643459584,0.000199926005725104,-9.9963002862552e-05,2,-0.00191630643459584,0.000199926005725104,-9.9963002862552e-05,3
"C2_Many_Weak_Signals",10,20,0.0345215561054685,0.690431122109369,-0.00181634343173329,-0.0327052126737352,NA,19,-0.00181634343173329,9.9963002862552e-05,-9.9963002862552e-05,2,-0.00181634343173329,9.9963002862552e-05,-9.9963002862552e-05,3
"C3_Mixed_Signals",8,1,0.482212278549197,0.482212278549197,-0.085894091593214,-0.568106370142411,0.581646934522624,19,-0.085894091593214,0.00677028219010631,0.00677028219010631,2,-0.085894091593214,0.00677028219010631,0.00677028219010631,3
"C3_Mixed_Signals",8,2,0.396318186955983,0.792636373911966,-0.0791238094031077,0.0135405643802126,-0.0202402707754491,19,-0.0791238094031077,0.0135405643802126,-0.0202402707754491,2,-0.0791238094031077,0.0135405643802126,-0.0202402707754491,3
"C3_Mixed_Signals",8,3,0.323964659742982,0.971893979228945,-0.0757033804106196,-0.00669970639523648,0.0375237028110393,19,-0.0757033804106196,-0.00669970639523648,0.0375237028110393,2,-0.0757033804106196,-0.00669970639523648,0.0375237028110393,3
"C3_Mixed_Signals",8,4,0.244911426134744,0.979645704538975,-0.0636412354003364,0.0308239964158029,-0.0150143020244173,19,-0.0636412354003364,0.0308239964158029,-0.0150143020244173,2,-0.0636412354003364,0.0308239964158029,-0.0150143020244173,3
"C3_Mixed_Signals",8,5,0.196682188942309,0.983410944711544,-0.0403243899967422,0.0158096943913856,-0.0067228305364726,19,-0.0403243899967422,0.0158096943913856,-0.0067228305364726,2,-0.0403243899967422,0.0158096943913856,-0.0067228305364726,3
"C3_Mixed_Signals",8,6,0.16426264614126,0.985575876847557,-0.0278761108735929,0.009086863854913,-0.00332399838190685,19,-0.0278761108735929,0.009086863854913,-0.00332399838190685,2,-0.0278761108735929,0.009086863854913,-0.00332399838190685,3
"C3_Mixed_Signals",8,7,0.140929967195123,0.986509770365862,-0.0204512462096333,0.00576286547300615,-0.00189122296976846,19,-0.0204512462096333,0.00576286547300615,-0.00189122296976846,2,-0.0204512462096333,0.00576286547300615,-0.00189122296976846,3
"C3_Mixed_Signals",8,8,0.123360153721993,0.986881229775943,-0.0156339922215114,0.0038716425032377,-0.00113442074784409,19,-0.0156339922215114,0.0038716425032377,-0.00113442074784409,2,-0.0156339922215114,0.0038716425032377,-0.00113442074784409,3
"C3_Mixed_Signals",8,9,0.1096619827521,0.986957844768903,-0.0123295600921957,0.00273722175539361,-0.00074530110831679,19,-0.0123295600921957,0.00273722175539361,-0.00074530110831679,2,-0.0123295600921957,0.00273722175539361,-0.00074530110831679,3
"C3_Mixed_Signals",8,10,0.0987010335376014,0.987010335376014,-0.00996498889096052,0.00199192064707682,-0.000498009223825424,19,-0.00996498889096052,0.00199192064707682,-0.000498009223825424,2,-0.00996498889096052,0.00199192064707682,-0.000498009223825424,3
"C3_Mixed_Signals",8,11,0.0897320049701793,0.987052054671972,-0.00822207285579642,0.00149391142325139,-0.00034453443055972,19,-0.00822207285579642,0.00149391142325139,-0.00034453443055972,2,-0.00822207285579642,0.00149391142325139,-0.00034453443055972,3
"C3_Mixed_Signals",8,12,0.0822568878260086,0.987082653912103,-0.00690042864782488,0.00114937699269167,-0.000246218484393101,19,-0.00690042864782488,0.00114937699269167,-0.000246218484393101,2,-0.00690042864782488,0.00114937699269167,-0.000246218484393101,3
"C3_Mixed_Signals",8,13,0.0759311476745295,0.987104919768884,-0.00587416089732976,0.000903158508298571,-0.000180467076078536,19,-0.00587416089732976,0.000903158508298571,-0.000180467076078536,2,-0.00587416089732976,0.000903158508298571,-0.000180467076078536,3
"C3_Mixed_Signals",8,14,0.070508566031349,0.987119924438887,-0.00506123592707046,0.000722691432220035,-0.000135375967126469,19,-0.00506123592707046,0.000722691432220035,-0.000135375967126469,2,-0.00506123592707046,0.000722691432220035,-0.000135375967126469,3
"C3_Mixed_Signals",8,15,0.0658086758203886,0.987130137305829,-0.00440623247841366,0.000587315465093566,-0.000103615415764619,19,-0.00440623247841366,0.000587315465093566,-0.000103615415764619,2,-0.00440623247841366,0.000587315465093566,-0.000103615415764619,3
"C3_Mixed_Signals",8,16,0.0616961010745217,0.987137617192348,-0.0038707247212024,0.000483700049328947,-8.06192472415299e-05,19,-0.0038707247212024,0.000483700049328947,-8.06192472415299e-05,2,-0.0038707247212024,0.000483700049328947,-8.06192472415299e-05,3
"C3_Mixed_Signals",8,17,0.0580672263779838,0.987142848425725,-0.00342733429549422,0.000403080802087417,-6.36108883648318e-05,19,-0.00342733429549422,0.000403080802087417,-6.36108883648318e-05,2,-0.00342733429549422,0.000403080802087417,-6.36108883648318e-05,3
"C3_Mixed_Signals",8,18,0.0548414324835333,0.987145784703599,-0.00305605893758922,0.000339469913722586,-5.08773347688701e-05,19,-0.00305605893758922,0.000339469913722586,-5.08773347688701e-05,2,-0.00305605893758922,0.000339469913722586,-5.08773347688701e-05,3
"C3_Mixed_Signals",8,19,0.0519551085028054,0.987147061553302,-0.00274202769125107,0.000288592578953716,-0.0470482382782107,19,-0.00274202769125107,0.000288592578953716,-0.000144296289476858,2,-0.00274202769125107,0.000288592578953716,-0.000144296289476858,3
"C3_Mixed_Signals",8,20,0.0493573771010311,0.987147542020623,-0.00259773140177421,-0.0467596456992569,NA,19,-0.00259773140177421,0.000144296289476858,-0.000144296289476858,2,-0.00259773140177421,0.000144296289476858,-0.000144296289476858,3
